Time,vx,vy,vz,x,y,z,Bx,By,Bz,n
1542934830.0,-362.28429412841797,28.854250609874725,3.709374949336052,1519567.4375,-177910.6875,126901.5625,2.172187477350235,-3.404249995946884,-0.9474999979138374,3.750509262084961
1542934890.0,-359.3296365737915,24.46543824672699,6.290906101465225,1519565.5625,-177915.59375,126903.4375,3.0135000199079514,-2.293500080704689,-0.44706248678267,4.564181208610535
1542934950.0,-360.02788639068604,27.517843425273895,5.8777498453855515,1519563.6875,-177920.9375,126905.3125,2.6593749076128006,-2.1296248883008957,-0.6199375130236149,4.400587379932404
1542935010.0,-359.0641841888428,27.180343747138977,5.5437187403440475,1519561.8125,-177926.5625,126906.59375,3.4828750640153885,-2.8788125663995743,-0.027249998645856977,4.423656105995178
1542935070.0,-358.31554985046387,24.1474689245224,6.092343702912331,1519559.9375,-177931.65625,126908.0625,3.061937525868416,-3.096000075340271,0.06924999901093543,4.770753040909767
1542935130.0,-358.5536870956421,26.607000052928925,6.086718663573265,1519558.53125,-177936.8125,126909.9375,2.926687553524971,-3.2144375145435333,-0.050250000625965185,4.849831268191338
1542935190.0,-359.5916996002197,28.58706259727478,6.196343719959259,1519557.1875,-177942.4375,126911.8125,2.728249952197075,-3.028000086545944,-0.03587499924469739,4.807343855500221
1542935250.0,-360.33087825775146,28.08962470293045,6.77781243622303,1519555.3125,-177947.71875,126913.6875,2.5180624574422836,-3.146562471985817,0.04324999894015491,5.053593769669533
1542935310.0,-358.28533267974854,31.493031084537506,7.4004998207092285,1519553.4375,-177952.6875,126915.5625,3.1420625299215317,-2.419562414288521,0.48487498983740807,5.4668155163526535
1542935370.0,-358.4846181869507,28.92368769645691,8.091218426823616,1519551.5625,-177958.3125,126917.4375,3.5082500278949738,-2.389687493443489,0.2873125036712736,5.470690652728081
1542935430.0,-359.1091556549072,26.09587436914444,6.284031301736832,1519549.6875,-177963.78125,126919.3125,2.837937444448471,-2.729625016450882,-0.19893749430775642,5.44709675014019
1542935490.0,-360.63849544525146,29.68950068950653,5.3090310245752335,1519547.8125,-177968.5625,126921.09375,2.966437518596649,-2.9365625232458115,-0.015500000910833478,4.654806315898895
1542935550.0,-360.2535638809204,21.355686902999878,6.738781034946442,1519545.9375,-177974.15625,126922.0625,2.7274374961853027,-2.6234999299049377,0.1410625074058771,4.994646713137627
1542935610.0,-359.5804510116577,24.07631230354309,6.702218949794769,1519544.0625,-177978.84375,126923.9375,2.744499996304512,-3.0111874639987946,0.4591874983161688,5.038053348660469
1542935670.0,-360.06730937957764,21.885062634944916,7.498499885201454,1519542.1875,-177984.4375,126925.8125,-0.10056250263005495,-3.0943749248981476,-0.8869999945163727,4.995637372136116
1542935730.0,-358.76494312286377,25.24421864748001,6.290062576532364,1519540.3125,-177990.0625,126927.6875,0.028437498956918716,-3.17306250333786,-0.695062518119812,5.780343592166901
1542935790.0,-356.7382183074951,30.732656359672546,5.573656320571899,1519538.4375,-177994.90625,126929.5625,0.4244375005364418,-3.0509999990463257,-0.46175000444054604,5.435953244566917
1542935850.0,-358.44756507873535,23.685843527317047,6.877500057220459,1519536.5625,-178000.3125,126931.4375,0.6956875026226044,-2.8322500437498093,-0.22256250586360693,5.627428308129311
1542935910.0,-362.73530864715576,22.0025617480278,7.2903749495744705,1519534.6875,-178005.9375,126933.3125,0.290375005453825,-3.044562503695488,0.1771874997066334,5.758331328630447
1542935970.0,-366.09115505218506,18.8686243891716,6.62359382212162,1519532.8125,-178010.96875,126935.1875,0.11131250439211726,-3.043250009417534,-0.890937514603138,5.221324905753136
1542936030.0,-366.8784418106079,18.536374926567078,5.832656219601631,1519530.9375,-178016.1875,126936.53125,-0.5503749996423721,-2.8913750052452087,-1.1830000281333923,4.709928065538406
1542936090.0,-365.8879699707031,21.35637527704239,6.5634374767541885,1519529.0625,-178021.8125,126937.9375,0.38468750566244125,-2.726125046610832,-0.16149999853223562,4.663849949836731
1542936150.0,-362.4331884384155,18.428500056266785,7.799093931913376,1519527.1875,-178027.03125,126939.8125,1.4355625212192535,-2.789312422275543,0.3436875082552433,5.429906249046326
1542936210.0,-358.2053174972534,14.038155674934387,7.652031287550926,1519525.3125,-178032.0625,126941.6875,1.5813749954104424,-2.783687546849251,0.37537499982863665,6.57534384727478
1542936270.0,-364.732136408488,17.45505154132843,6.559437567989032,1519523.4375,-178037.6875,126943.5625,1.8965000584721565,-2.884062498807907,0.7985000126063824,6.11043256521225
1542936330.0,-371.2589553197225,20.871947407722473,5.466843848427137,1519521.5625,-178043.09375,126945.4375,-0.3666249979287386,-3.608499988913536,-0.5944375172257423,5.645521283149719
1542936390.0,-377.78577423095703,24.288843274116516,4.374250128865242,1519519.6875,-178047.9375,126947.3125,-1.0402499660849571,-3.723937451839447,-1.04768755286932,5.180610001087189
1542936450.0,-382.96170806884766,23.612625122070312,3.414437457919121,1519517.8125,-178053.5625,126949.1875,-1.0408750101923943,-3.750374972820282,-0.722062487155199,4.715698719024658
1542936510.0,-380.149658203125,12.566780924797058,6.1140938848257065,1519515.9375,-178059.15625,126951.03125,-1.8616250231862068,-1.818375013768673,-1.0406874939799309,4.250787436962128
1542936570.0,-377.64935302734375,17.99021828174591,7.226906195282936,1519514.0625,-178063.84375,126951.96875,-1.1377500370144844,-2.9066875129938126,-0.9632499776780605,4.328412353992462
1542936630.0,-373.4054126739502,9.859781205654144,7.935531347990036,1519512.1875,-178069.4375,126953.8125,-0.6685625072568655,-3.341749981045723,-0.9223749972879887,4.431593656539917
1542936690.0,-372.0671148300171,14.723156243562698,6.890406280755997,1519510.3125,-178075.0625,126955.6875,-0.7520624957978725,-3.4036250561475754,-1.0000000186264515,4.589740410447121
1542936750.0,-372.5716609954834,13.15721869468689,6.685562402009964,1519508.4375,-178079.90625,126957.5625,-0.9578749947249889,-3.2133750170469284,-1.0381874665617943,4.764131382107735
1542936810.0,-377.1946849822998,2.119437523186207,6.2360624223947525,1519506.5625,-178085.3125,126959.4375,-1.5846249759197235,-2.401562586426735,0.34550001844763756,5.6216564029455185
1542936870.0,-374.4793167114258,11.616593189537525,7.291781097650528,1519504.6875,-178090.9375,126961.3125,-0.8722500018775463,-3.776750013232231,-0.7729999981820583,5.169678300619125
1542936930.0,-372.74828338623047,13.929843127727509,6.521499902009964,1519502.8125,-178095.96875,126963.1875,-1.0053124837577343,-3.995125025510788,-1.3249375149607658,4.288403205573559
1542936990.0,-372.80358695983887,12.300780981779099,5.760187402367592,1519500.9375,-178101.1875,126964.53125,-1.0794375389814377,-4.097874939441681,-1.1383749768137932,4.124409295618534
1542937050.0,-374.9181261062622,7.415468688588589,6.160031229257584,1519499.0625,-178106.34375,126965.9375,-1.5526249930262566,-1.535062462091446,-1.7156875133514404,4.904034361243248
1542937110.0,-376.9525671005249,1.5805937252007425,6.133812606334686,1519497.1875,-178111.4375,126967.8125,-1.0146249830722809,-1.2166249603033066,-1.2369999960064888,5.874984472990036
1542937170.0,-376.41789627075195,5.945656098425388,6.070812553167343,1519495.3125,-178117.0625,126969.6875,-0.43299998715519905,-1.4401874542236328,-1.094125047326088,5.824193850159645
1542937230.0,-378.14402294158936,9.850155919790268,6.379812464118004,1519493.4375,-178122.40625,126971.5625,-0.8834999911487103,-2.1289374753832817,-1.4563749730587006,4.919356405735016
1542937290.0,-379.10978507995605,9.816499590873718,5.709031105041504,1519491.5625,-178127.3125,126973.4375,-0.7128124944865704,-3.119562551379204,-1.326562538743019,4.572725057601929
1542937350.0,-376.5002508163452,14.277593210339546,6.140750154852867,1519489.6875,-178132.9375,126975.3125,-1.0926250517368317,-2.4551875293254852,-1.497187502682209,4.51566269993782
1542937410.0,-380.32720947265625,5.351468935608864,5.260625198483467,1519487.8125,-178138.46875,126977.1875,-1.3564374819397926,-2.8026250153779984,-1.6554375067353249,5.422178313136101
1542937470.0,-378.5250539779663,10.472031563520432,6.487437412142754,1519485.9375,-178143.1875,126979.03125,-0.8156249932944775,-2.8247500509023666,-1.3126875162124634,5.272925108671188
1542937530.0,-375.43695163726807,9.962968856096268,6.860562637448311,1519484.0625,-178148.8125,126979.96875,0.03381250239908695,-3.044500008225441,-0.9948124960064888,5.789675027132034
1542937590.0,-376.14601135253906,-1.1546562165021896,5.56165637075901,1519482.1875,-178154.4375,126981.8125,-0.17868749983608723,-3.0935624539852142,-1.2966874912381172,5.732587292790413
1542937650.0,-374.1602897644043,10.364218786358833,5.243750050663948,1519480.3125,-178159.21875,126983.6875,-0.1315624974668026,-3.9796876162290573,-1.5468124747276306,4.5996751338243484
1542937710.0,-373.07701110839844,8.546718791127205,6.073281303048134,1519478.4375,-178164.6875,126985.5625,-0.1964375041425228,-4.073125034570694,-1.4761250019073486,4.144737392663956
1542937770.0,-372.2643232345581,14.130780801177025,5.993718788027763,1519476.5625,-178170.3125,126987.4375,-0.26299999561160803,-4.177687436342239,-1.489812508225441,4.120837599039078
1542937830.0,-371.08063220977783,14.52696841955185,5.99662509560585,1519474.6875,-178175.28125,126989.3125,-0.12643750198185444,-4.306437730789185,-1.467000000178814,3.88236565887928
1542937890.0,-370.07519340515137,11.331656068563461,6.07824994623661,1519472.8125,-178180.5625,126991.1875,0.3776874989271164,-4.344187557697296,-1.3642499521374702,4.061284244060516
1542937950.0,-368.5227870941162,11.078906059265137,5.393125027418137,1519470.9375,-178186.1875,126993.0625,0.6382500138133764,-4.398187667131424,-1.2569374665617943,4.438540458679199
1542938010.0,-368.5091972351074,9.772031232714653,4.922968879342079,1519469.0625,-178191.34375,126994.46875,1.0249375477433205,-4.49125012755394,-1.1535000056028366,4.643477991223335
1542938070.0,-369.05291748046875,9.816843673586845,4.982625097036362,1519467.1875,-178196.4375,126995.8125,1.1501875445246696,-4.440750062465668,-1.165687456727028,4.64509990811348
1542938130.0,-368.1848449707031,12.56124958395958,4.803093805909157,1519465.3125,-178202.0625,126997.6875,1.0247499980032444,-4.374874860048294,-1.1201250478625298,4.568437501788139
1542938190.0,-368.1360902786255,10.553593426942825,4.6748436242341995,1519463.4375,-178207.40625,126999.5625,1.1223125159740448,-4.391187489032745,-1.2028749585151672,4.537687584757805
1542938250.0,-367.9168923695882,10.109145651261011,4.613145709037781,1519461.5625,-178212.3125,127001.4375,1.4163749888539314,-4.414374828338623,-0.8696874789893627,4.550697912772496
1542938310.0,-367.69769446055096,9.664697875579199,4.551447793841362,1519459.6875,-178217.9375,127003.3125,1.2874374613165855,-4.425687372684479,-0.7543125189840794,4.5637082407871885
1542938370.0,-367.4784965515137,9.220250099897385,4.489749878644943,1519457.8125,-178223.46875,127005.1875,1.0167499706149101,-4.572687596082687,-1.0053750164806843,4.57671856880188
1542938430.0,-365.1214208602905,12.544249683618546,4.492250204086304,1519455.9375,-178228.1875,127007.0625,0.928125012665987,-4.575874894857407,-1.0441250056028366,4.468743592500687
1542938490.0,-367.92359256744385,11.561750262975693,4.349749803543091,1519454.0625,-178233.8125,127008.9375,0.9128750078380108,-4.459187477827072,-0.8473749831318855,4.704056471586227
1542938550.0,-364.1627254486084,16.37471827864647,3.86740630120039,1519452.1875,-178238.53125,127009.90625,0.9701250158250332,-4.417812645435333,-0.8438125029206276,4.8994030356407166
1542938610.0,-363.1244487762451,21.47528088092804,3.855968691408634,1519450.3125,-178244.0625,127011.6875,1.8548125326633453,-4.14012485742569,-0.45693750865757465,5.066624864935875
1542938670.0,-364.26693630218506,14.836375176906586,4.373937636613846,1519448.4375,-178249.6875,127013.5625,1.969812497496605,-4.179187476634979,-0.40831249579787254,4.843453228473663
1542938730.0,-365.2891511917114,14.864343911409378,4.323656409978867,1519446.5625,-178254.59375,127015.4375,1.8813124597072601,-4.22993740439415,-0.3450625017285347,4.814700186252594
1542938790.0,-365.9926538467407,13.149750024080276,4.7585625648498535,1519444.6875,-178259.9375,127017.3125,1.8051875159144402,-4.266124814748764,0.008812500745989382,4.855181246995926
1542938850.0,-365.9413661956787,14.129249930381775,4.355656303465366,1519442.8125,-178265.5625,127019.1875,1.5389375016093254,-4.307937651872635,-0.13118750089779496,4.92098131775856
1542938910.0,-366.5979890823364,15.77468740940094,4.697593681514263,1519440.9375,-178270.65625,127021.0625,1.3199374452233315,-4.222937375307083,-0.6696250028908253,4.816359415650368
1542938970.0,-368.20206451416016,14.097499877214432,4.736968621611595,1519439.0625,-178275.8125,127022.46875,1.0346875004470348,-4.265625059604645,-1.0885625034570694,4.657171875238419
1542939030.0,-367.4840660095215,12.73118743300438,4.179656133055687,1519437.59375,-178281.4375,127023.8125,1.46493748575449,-4.361624777317047,0.14462500624358654,4.626962587237358
1542939090.0,-365.3472375869751,12.766968697309494,4.616437330842018,1519436.3125,-178286.71875,127025.6875,1.6724999994039536,-4.2943127155303955,-0.07118750241352245,4.760778114199638
1542939150.0,-365.01489543914795,12.615187495946884,4.979812368750572,1519434.4375,-178291.6875,127027.5625,1.3557500392198563,-4.426812529563904,-0.37431249767541885,4.947059229016304
1542939210.0,-362.844407081604,15.493750602006912,5.247156023979187,1519432.5625,-178297.3125,127029.4375,0.7488125003874302,-4.525062412023544,-0.6091250255703926,4.834921777248383
1542939270.0,-363.26378536224365,11.963437378406525,5.484499856829643,1519430.6875,-178302.78125,127031.3125,0.25806249491870403,-4.452875196933746,-1.0806874781847,4.884562462568283
1542939330.0,-360.3214464187622,8.783343940973282,5.756281390786171,1519428.8125,-178307.5625,127033.1875,0.4608750008046627,-4.818874955177307,-1.3328125476837158,5.108437642455101
1542939390.0,-361.3465871810913,9.826874613761902,5.895499810576439,1519426.9375,-178313.1875,127035.0625,0.3843125067651272,-4.834062397480011,-1.32949997484684,4.4232936054468155
1542939450.0,-361.81439304351807,5.653124928474426,5.640499964356422,1519425.0625,-178318.8125,127036.9375,0.40512500889599323,-4.7588750422000885,-1.1816874891519547,4.390106186270714
1542939510.0,-363.80018424987793,10.785656541585922,5.791500076651573,1519423.1875,-178323.53125,127037.90625,-0.010500000382307917,-4.462000012397766,-1.634125031530857,4.402775064110756
1542939570.0,-364.21241188049316,11.869312435388565,5.867906421422958,1519421.3125,-178329.0625,127039.6875,0.06575000332668424,-4.258562356233597,-1.5334375128149986,4.348259523510933
1542939630.0,-365.88069343566895,13.600250095129013,5.703218638896942,1519419.4375,-178334.6875,127041.5625,-0.07125000364612788,-4.061937600374222,-1.3861874863505363,4.851181462407112
1542939690.0,-368.1044006347656,20.327375143766403,5.503062278032303,1519417.5625,-178339.59375,127043.4375,-0.66762500628829,-3.517999976873398,-1.6520625203847885,4.4236375242471695
1542939750.0,-369.2908010482788,18.09275010228157,6.349624842405319,1519415.6875,-178344.9375,127045.3125,-0.669875007122755,-3.1620000451803207,-1.6576249524950981,4.467193737626076
1542939810.0,-369.7785873413086,19.480344146490097,5.999874874949455,1519413.8125,-178350.5625,127047.1875,-0.46462499909102917,-3.354874908924103,-1.8057500123977661,4.1619062796235085
1542939870.0,-368.2249069213867,18.034781605005264,6.134593650698662,1519411.9375,-178355.65625,127049.0625,-0.11968750273808837,-3.6200000643730164,-1.2409375235438347,4.147468812763691
1542939930.0,-369.33866024017334,16.739156633615494,6.923031225800514,1519410.0625,-178360.8125,127050.9375,-0.8936249874532223,-2.878125086426735,-1.3078125417232513,4.433593794703484
1542939990.0,-371.51881217956543,18.68096899986267,6.978250086307526,1519408.1875,-178366.03125,127052.40625,-0.5468124821782112,-2.9117500483989716,-1.0493750497698784,4.778115659952164
1542940050.0,-370.01621437072754,13.99478094279766,6.414093941450119,1519406.3125,-178371.0625,127053.6875,-0.6205625087022781,-3.4986250698566437,-1.2760625034570694,4.9867406487464905
1542940110.0,-368.22231578826904,7.785437390208244,5.917687729001045,1519404.4375,-178376.6875,127055.5625,-0.6213749945163727,-3.759937435388565,-1.3786875382065773,4.555096864700317
1542940170.0,-364.98225593566895,9.526343807578087,6.4203126430511475,1519402.5625,-178382.09375,127057.4375,-0.7308750115334988,-3.728687509894371,-1.4215624555945396,4.6876751482486725
1542940230.0,-366.0975996653239,11.164645810921987,6.348645935455958,1519400.6875,-178386.9375,127059.3125,-0.6874374896287918,-3.7537499964237213,-0.9650625139474869,4.792827119429906
1542940290.0,-367.2129433949788,12.802947814265886,6.276979227860768,1519398.8125,-178392.5625,127061.1875,-0.6641874797642231,-3.794062465429306,-0.9739375188946724,4.89797909061114
1542940350.0,-368.3282871246338,14.441249817609787,6.205312520265579,1519396.9375,-178398.15625,127063.0625,-0.5481874942779541,-3.8283125162124634,-0.8911875113844872,5.003131061792374
1542940410.0,-369.74672508239746,7.668749839067459,6.45468732714653,1519395.0625,-178402.84375,127064.9375,-1.0449999645352364,-3.800749972462654,-0.7545625008642673,5.175068706274033
1542940470.0,-369.3753137588501,14.791781276464462,7.361093729734421,1519393.1875,-178408.4375,127066.8125,-1.4320625215768814,-2.344250038266182,0.164249992929399,5.449140712618828
1542940530.0,-372.46063232421875,14.217187732458115,9.020000353455544,1519391.3125,-178414.0625,127067.84375,-0.36799998953938484,-2.646124944090843,-0.6891874894499779,5.727325215935707
1542940590.0,-370.6689119338989,16.199687093496323,8.945937484502792,1519389.4375,-178418.90625,127069.5625,-0.3316875007003546,-2.3540626019239426,-0.3633750081062317,6.242997035384178
1542940650.0,-370.7187099456787,13.023968368768692,8.223718672990799,1519387.5625,-178424.3125,127071.4375,-0.19600000558421016,-2.0375624671578407,-0.26637499779462814,6.170418798923492
1542940710.0,-372.303936958313,11.159000188112259,6.943468794226646,1519385.6875,-178429.9375,127073.3125,-0.5255000218749046,-2.2280000895261765,-0.5051250085234642,5.657737657427788
1542940770.0,-371.89016342163086,12.927500039339066,6.712312608957291,1519383.8125,-178434.96875,127075.1875,-0.3688749894499779,-2.099062442779541,-0.7485625222325325,5.538350209593773
1542940830.0,-370.9652910232544,8.60668744891882,7.088031277060509,1519381.9375,-178440.1875,127077.0625,-0.20500000100582838,-2.896687552332878,-0.9899375066161156,5.627631410956383
1542940890.0,-370.22043800354004,6.325281374156475,7.2220936715602875,1519380.0625,-178445.8125,127078.9375,0.09281250182539225,-2.8169374018907547,-1.2424375116825104,5.7101312428712845
1542940950.0,-369.05721378326416,7.0022188648581505,6.953625023365021,1519378.1875,-178451.03125,127080.40625,-0.039687501499429345,-2.842999905347824,-1.8468749895691872,5.535721868276596
1542941010.0,-368.96194076538086,3.775000087916851,5.42100016772747,1519376.3125,-178456.0625,127081.6875,-0.06000000244239345,-3.670562580227852,-2.273250073194504,5.13835634291172
1542941070.0,-370.10325145721436,6.739749938249588,3.4050000607967377,1519374.4375,-178461.6875,127083.5625,0.054125000489875674,-3.8238749355077744,-2.1473749428987503,4.8232530653476715
1542941130.0,-369.5892906188965,11.166405901312828,3.956031233072281,1519372.5625,-178467.09375,127085.4375,-0.2988124992698431,-4.040249884128571,-1.7290000468492508,4.215178295969963
1542941190.0,-368.22554111480713,6.033906266093254,4.214156150817871,1519370.6875,-178471.9375,127087.3125,-0.29031251184642315,-4.19775003194809,-1.5640000253915787,4.41536571085453
1542941250.0,-368.04561710357666,11.613249614834785,4.313625022768974,1519368.8125,-178477.5625,127089.1875,-0.705624982714653,-4.072937518358231,-1.5047500133514404,4.4135375171899796
1542941310.0,-366.3442440032959,6.430749878287315,4.472375199198723,1519366.9375,-178483.15625,127091.0625,-0.27062500175088644,-4.101375132799149,-1.5865625068545341,4.391974970698357
1542941370.0,-366.74175453186035,8.64325000345707,4.123624995350838,1519365.0625,-178487.84375,127092.9375,-0.27462499029934406,-4.04050013422966,-1.5876875296235085,4.691225007176399
1542941430.0,-365.85691356658936,13.535531610250473,4.111093804240227,1519363.1875,-178493.4375,127094.8125,-0.22575000673532486,-4.088312715291977,-1.6337499991059303,4.572603076696396
1542941490.0,-368.1442127227783,7.773374930024147,3.824968822300434,1519361.3125,-178498.21875,127095.84375,-0.355999993160367,-4.128687500953674,-1.3066874742507935,4.488931387662888
1542941550.0,-369.59281063079834,8.602281525731087,3.847000040113926,1519359.4375,-178503.6875,127097.5625,-0.35237499140203,-3.8133750408887863,-1.6604999601840973,4.495196804404259
1542941610.0,-369.8900909423828,4.117687597870827,4.034031242132187,1519357.5625,-178509.3125,127099.4375,-0.32168750558048487,-4.0867500603199005,-1.7428124621510506,4.47846245765686
1542941670.0,-368.27900314331055,9.074344053864479,4.459281086921692,1519355.6875,-178514.28125,127101.3125,-0.0736874983413145,-3.951937422156334,-1.875437542796135,4.42799673974514
1542941730.0,-366.6785306930542,13.043625205755234,4.465718701481819,1519353.8125,-178519.5625,127103.1875,-0.05893750116229057,-3.7621249109506607,-1.7640624567866325,4.773452937602997
1542941790.0,-367.54105377197266,10.82321897149086,4.418031319975853,1519351.9375,-178525.1875,127105.0625,-0.16575000388547778,-3.789062589406967,-1.6796874850988388,4.901284411549568
1542941850.0,-367.8860502243042,11.948218792676926,4.640218809247017,1519350.0625,-178530.34375,127106.9375,-0.30256250593811274,-3.5686874836683273,-1.5964999794960022,4.727284595370293
1542941910.0,-367.90649127960205,12.79081243276596,4.970999985933304,1519348.1875,-178535.4375,127108.8125,-0.22175000235438347,-3.603375092148781,-1.6060624420642853,4.578972056508064
1542941970.0,-370.2339038848877,10.97337520122528,4.868999868631363,1519346.3125,-178541.0625,127110.34375,0.1365000014193356,-3.607187569141388,-1.5119375362992287,4.560581266880035
1542942030.0,-372.4698419570923,13.912625044584274,4.55146861076355,1519344.71875,-178546.40625,127111.5625,-0.09012499870732427,-3.367062568664551,-1.4034374728798866,4.7180904150009155
1542942090.0,-373.3576250076294,9.601406663656235,5.083562418818474,1519343.5625,-178551.3125,127113.4375,0.9208749905228615,-3.146062418818474,-1.0843749716877937,4.610781043767929
1542942150.0,-369.40887451171875,10.071875363588333,4.0719999596476555,1519341.6875,-178556.9375,127115.3125,2.5712499767541885,-2.968187525868416,-0.5152499787509441,4.4295467883348465
1542942210.0,-367.470739364624,10.340578377246857,4.280031254515052,1519339.8125,-178562.46875,127117.1875,2.9631249457597733,-3.376562476158142,-0.49718750454485416,4.462995201349258
1542942270.0,-365.5326042175293,10.60928139090538,4.488062549382448,1519337.9375,-178567.1875,127119.0625,3.0078748911619186,-3.132000043988228,-0.6544999964535236,4.49644361436367
1542942330.0,-363.59446907043457,10.877984404563904,4.6960938442498446,1519336.0625,-178572.8125,127120.9375,3.042437419295311,-2.9472499787807465,-0.6886250115931034,4.529892027378082
1542942390.0,-361.65633392333984,11.146687418222427,4.904125139117241,1519334.1875,-178578.4375,127122.8125,2.9511875212192535,-3.002062514424324,-0.5150000061839819,4.563340440392494
1542942450.0,-361.5805969238281,12.059999614953995,4.39909365773201,1519332.3125,-178583.21875,127124.6875,2.916562497615814,-3.176437571644783,-0.3328124936670065,5.345740407705307
1542942510.0,-364.40184688568115,17.449530720710754,3.8104999884963036,1519330.4375,-178588.6875,127125.78125,0.7814374901354313,-3.4263125211000443,-2.2556249499320984,5.0718488295873
1542942570.0,-365.2058172225952,11.084030985832214,4.982124976813793,1519328.5625,-178594.3125,127127.4375,1.2852499783039093,-3.8171874433755875,-1.4966249987483025,4.7979572514692945
1542942630.0,-365.36557388305664,10.981562197208405,4.631687372922897,1519326.6875,-178599.28125,127129.3125,1.1283124461770058,-3.8129375725984573,-1.7384374514222145,4.524065673351288
1542942690.0,-364.12134742736816,11.779249876737595,4.317750036716461,1519324.8125,-178604.5625,127131.1875,1.316312462091446,-3.7296249866485596,-1.7493125051259995,4.4134280532598495
1542942750.0,-362.3336544036865,12.675218969583511,3.6114063188433647,1519322.9375,-178610.1875,127133.0625,1.2296875268220901,-3.708874896168709,-1.7571250349283218,4.447296664118767
1542942810.0,-362.4044361114502,14.88443785905838,3.301562450826168,1519321.0625,-178615.34375,127134.9375,1.8039375022053719,-3.6553749442100525,-1.483937494456768,4.581921651959419
1542942870.0,-365.68933868408203,12.082406416535378,3.8419999182224274,1519319.1875,-178620.4375,127136.8125,1.342937521636486,-3.9221250116825104,-1.49024997651577,4.920449912548065
1542942930.0,-366.3728094100952,9.696405962109566,3.9423437267541885,1519317.3125,-178626.0625,127138.34375,2.688687488436699,-2.818062499165535,-1.816874973475933,4.8682916313409805
1542942990.0,-361.1460666656494,14.45571830868721,4.030187591910362,1519315.4375,-178631.40625,127139.5625,2.6474374681711197,-2.6691875606775284,-1.6752500087022781,4.816133350133896
1542943050.0,-360.8696241378784,10.321749985218048,4.48750002682209,1519313.5625,-178636.3125,127141.4375,2.2918749153614044,-2.3157499879598618,-1.2971250042319298,4.763975068926811
1542943110.0,-359.57182121276855,10.227687299251556,4.70796874165535,1519311.6875,-178641.78125,127143.3125,2.1518125981092453,-2.1740000247955322,-1.4627499878406525,5.466240644454956
1542943170.0,-355.8098134994507,11.886875331401825,4.543249949812889,1519309.8125,-178646.5625,127145.1875,2.2133124470710754,-2.365999937057495,-0.9370625279843807,5.399246662855148
1542943230.0,-358.9742441177368,8.652905911207199,5.189531236886978,1519307.9375,-178652.1875,127147.0625,2.4120625108480453,-3.3593750298023224,-0.25293749663978815,5.7335469126701355
1542943290.0,-359.1317434310913,17.230094462633133,6.5254689157009125,1519306.0625,-178657.8125,127148.9375,2.2676874101161957,-3.177000030875206,-0.24368750071153045,6.439953148365021
1542943350.0,-361.097207069397,7.207406133413315,4.760218724608421,1519304.1875,-178662.53125,127150.8125,2.3420624136924744,-3.1146249026060104,-1.7136249914765358,5.274772018194199
1542943410.0,-360.8494281768799,10.632281005382538,4.867468684911728,1519302.3125,-178668.0625,127152.6875,2.4485624879598618,-3.2707500010728836,-1.5870625376701355,5.056034430861473
1542943470.0,-361.540207862854,8.93743708729744,4.895437493920326,1519300.4375,-178673.6875,127153.78125,2.430062457919121,-3.310124918818474,-1.4518750086426735,4.801268756389618
1542943530.0,-360.03271675109863,9.755905896425247,4.24903130531311,1519298.5625,-178678.59375,127155.4375,2.07181254029274,-3.4580624848604202,-1.4379999712109566,5.1283437460660934
1542943590.0,-360.58584690093994,11.992312282323837,4.489218652248383,1519296.6875,-178683.9375,127157.3125,2.240687444806099,-3.367187425494194,-1.1834375485777855,5.416109278798103
1542943650.0,-359.11108779907227,6.1048124097287655,5.236437439918518,1519294.8125,-178689.5625,127159.1875,1.3748749941587448,-2.502125009894371,-1.0492499954998493,5.79293118417263
1542943710.0,-358.66764640808105,6.689937632530928,4.797437429428101,1519292.9375,-178694.65625,127161.0625,1.4068749696016312,-3.0621249675750732,-1.348187506198883,5.418212503194809
1542943770.0,-359.87750148773193,7.2711876928806305,4.58462493121624,1519291.0625,-178699.8125,127162.9375,1.2366874888539314,-2.7428125143051147,-1.316312499344349,5.082728058099747
1542943830.0,-361.1952590942383,3.3160312175750732,5.327624946832657,1519289.1875,-178705.4375,127164.8125,1.4240000024437904,-2.1979374438524246,-0.7264375016093254,6.063240483403206
1542943890.0,-361.6035394668579,5.493312388658524,5.740562304854393,1519287.3125,-178710.71875,127166.6875,1.5014374777674675,-2.312062457203865,-1.0574375167489052,6.794037461280823
1542943950.0,-361.2534818649292,7.050406292080879,5.772999823093414,1519285.4375,-178715.6875,127168.28125,1.3054375126957893,-2.5316250026226044,-1.3761249482631683,6.212121978402138
1542944010.0,-365.9854164123535,5.8617498725652695,5.448437452316284,1519283.5625,-178721.3125,127169.4375,-0.41993749141693115,-2.5994374752044678,-0.9609999805688858,6.718946993350983
1542944070.0,-369.05431175231934,9.48346845805645,5.778906166553497,1519281.6875,-178726.78125,127171.3125,-0.19381249882280827,-2.63143752515316,-1.0210000276565552,6.876040771603584
1542944130.0,-369.57958698272705,5.2292812913656235,5.41374996304512,1519279.8125,-178731.5625,127173.1875,-0.40993749164044857,-2.53168748319149,-1.0778125301003456,7.216878235340118
1542944190.0,-368.73577332496643,7.11669534817338,5.590015612542629,1519277.9375,-178737.1875,127175.0625,-0.4566874969750643,-2.598937511444092,-0.9253124855458736,6.9334633350372314
1542944250.0,-367.8919596672058,9.004109404981136,5.766281262040138,1519276.0625,-178742.8125,127176.9375,0.16243750136345625,-2.257000058889389,-1.0458124876022339,6.6500484347343445
1542944310.0,-367.0481460094452,10.891523461788893,5.942546911537647,1519274.1875,-178747.53125,127178.8125,0.39512499049305916,-2.2653125673532486,-1.156437449157238,6.3666335344314575
1542944370.0,-366.20433235168457,12.77893751859665,6.118812561035156,1519272.3125,-178753.0625,127180.6875,0.6836874932050705,-2.258062466979027,-1.3070000112056732,6.083218634128571
1542944430.0,-366.83886909484863,9.894093871116638,6.473499983549118,1519270.4375,-178758.6875,127181.78125,1.410687506198883,-1.8577499836683273,-0.9111874997615814,6.399156183004379
1542944490.0,-367.52844524383545,10.723906099796295,6.853374868631363,1519268.5625,-178763.59375,127183.4375,1.6423750147223473,-1.7379375398159027,-1.0535625144839287,6.4631312638521194
1542944550.0,-366.63490772247314,12.603499740362167,6.284968599677086,1519266.6875,-178768.9375,127185.3125,1.0601250305771828,-2.0281250029802322,-0.5275624878704548,6.176143705844879
1542944610.0,-365.80742740631104,9.45556229352951,5.787031054496765,1519264.8125,-178773.96875,127187.1875,1.2218125462532043,-2.356687471270561,-1.130437545478344,6.180262550711632
1542944670.0,-364.19393825531006,9.804280936717987,5.856031179428101,1519262.9375,-178779.1875,127189.0625,1.6322500184178352,-2.225312441587448,-1.0240625515580177,6.171640768647194
1542944730.0,-363.56488513946533,8.518968611955643,5.832125097513199,1519261.0625,-178784.8125,127190.9375,1.6971250101923943,-1.9445625245571136,-0.9451249688863754,5.970546841621399
1542944790.0,-364.2155952453613,7.51021870970726,5.578406408429146,1519259.1875,-178790.03125,127192.8125,1.4391250386834145,-2.1087500602006912,-1.0725000500679016,5.944799825549126
1542944850.0,-363.44384574890137,10.746218502521515,5.347531348466873,1519257.3125,-178795.0625,127194.6875,1.2674374505877495,-2.2880625873804092,-1.3070624768733978,6.1409405171871185
1542944910.0,-363.09688663482666,7.340093702077866,4.981531143188477,1519255.4375,-178800.6875,127196.28125,1.2004375010728836,-2.7225625216960907,-1.6631875112652779,6.209734261035919
1542944970.0,-364.52528190612793,9.293562114238739,4.617281123995781,1519253.5625,-178806.09375,127197.4375,0.4941249880939722,-3.1138750314712524,-1.4083124920725822,6.053653135895729
1542945030.0,-361.51308727264404,16.52762421965599,4.377437323331833,1519251.6875,-178810.9375,127199.3125,0.963375024497509,-3.038375034928322,-1.2961249649524689,5.863043963909149
1542945090.0,-364.07771396636963,9.061937630176544,4.924562409520149,1519249.8125,-178816.5625,127201.1875,0.9168749898672104,-2.9479374438524246,-1.3658124804496765,5.798215731978416
1542945150.0,-362.710973739624,11.863000273704529,5.055031061172485,1519247.9375,-178822.15625,127203.0625,1.0762500017881393,-2.671750083565712,-1.1975624561309814,5.500243648886681
1542945210.0,-362.6800174713135,6.883000016212463,4.455968618392944,1519246.0625,-178826.84375,127204.9375,-0.09975000261329114,-2.541125014424324,-1.6504999846220016,5.720556274056435
1542945270.0,-362.80042552948,6.637250170111656,3.688343793153763,1519244.1875,-178832.4375,127206.8125,-0.6904374994337559,-1.8441874831914902,-1.8075624778866768,5.822150111198425
1542945330.0,-363.75883388519287,8.860718920826912,3.7122499644756317,1519242.3125,-178838.0625,127208.6875,-0.5413750037550926,-2.453375056385994,-1.323375016450882,5.860334485769272
1542945390.0,-363.3378963470459,1.5677500572055578,3.052093729376793,1519240.4375,-178842.90625,127210.5625,-0.26362500386312604,-2.52943754196167,-1.1821249797940254,5.928803011775017
1542945450.0,-362.44434356689453,4.1968751307576895,3.2300000488758087,1519238.5625,-178848.3125,127211.71875,-0.4421875011175871,-2.3019375652074814,-1.5213125199079514,6.0524438470602036
1542945510.0,-364.1838684082031,7.185625046491623,3.7972813099622726,1519236.6875,-178853.9375,127213.3125,-1.0143749602138996,-2.2125000655651093,-1.4658749848604202,5.92498143017292
1542945570.0,-364.42046070098877,6.432281360030174,3.4395000115036964,1519234.8125,-178858.96875,127215.1875,-1.0159999951720238,-2.186999924480915,-0.9001875035464764,6.332043901085854
1542945630.0,-362.88534927368164,9.881219029426575,3.013249985873699,1519232.9375,-178864.1875,127217.0625,-0.31293749809265137,-2.633499965071678,-1.2864374965429306,5.817381203174591
1542945690.0,-362.5633268356323,7.913406439125538,2.7713749706745148,1519231.0625,-178869.8125,127218.9375,-0.8421874828636646,-2.3369999825954437,-0.5260000098496675,5.449084177613258
1542945750.0,-362.2526903152466,2.927749924361706,3.0335936918854713,1519229.1875,-178875.03125,127220.8125,0.5126874949783087,-2.7943125218153,-1.1063750013709068,5.9551936239004135
1542945810.0,-360.7201805114746,5.05074979364872,3.8104374930262566,1519227.3125,-178880.0625,127222.6875,1.3724999874830246,-2.3980000764131546,-1.144875019788742,5.875356271862984
1542945870.0,-360.10734367370605,6.000718533992767,3.9806875586509705,1519225.4375,-178885.6875,127224.5625,1.2319374904036522,-2.7824375182390213,-0.5818750038743019,5.381753280758858
1542945930.0,-359.9954261779785,8.915499851107597,4.1649374440312386,1519223.78125,-178891.09375,127226.21875,1.3049999624490738,-2.5423125475645065,-0.8163750246167183,5.089006334543228
1542945990.0,-361.5490188598633,5.616749977460131,3.674625054001808,1519222.6875,-178895.9375,127227.3125,0.8344374932348728,-2.534187540411949,-1.172249972820282,5.385709166526794
1542946050.0,-359.77509593963623,-0.0578437487129122,2.4163126051425934,1519220.8125,-178901.46875,127229.1875,0.9731875248253345,-2.406062513589859,-1.1441250294446945,5.414368659257889
1542946110.0,-358.1473751068115,0.37700001522898674,2.2250938192009926,1519218.9375,-178906.1875,127231.0625,1.0924374759197235,-2.2981874644756317,-1.3678125441074371,5.406709477305412
1542946170.0,-357.138635635376,-2.8629999570548534,2.1979062780737877,1519217.0625,-178911.8125,127232.9375,0.8316874951124191,-2.4742499589920044,-1.4108750447630882,5.649990752339363
1542946230.0,-356.80005264282227,-3.401166615386804,2.2513854056596756,1519215.1875,-178917.4375,127234.8125,1.3875000476837158,-2.494875058531761,-1.0291250422596931,5.804399107893308
1542946290.0,-356.46146965026855,-3.9393332737187547,2.3048645332455635,1519213.3125,-178922.21875,127236.6875,1.5331250578165054,-2.5433750450611115,-0.821000013500452,5.958807463447253
1542946350.0,-356.12288665771484,-4.477499932050705,2.3583436608314514,1519211.4375,-178927.6875,127238.5625,1.2418124824762344,-2.5751874446868896,-0.7053124904632568,6.113215819001198
1542946410.0,-355.9061698913574,0.17359379678964615,3.0708437114953995,1519209.5625,-178933.3125,127239.71875,2.0682500079274178,-2.11662495136261,-0.9569375142455101,5.733043849468231
1542946470.0,-356.9282331466675,-0.030687522143125534,3.4532500505447388,1519207.6875,-178938.28125,127241.3125,1.8891249597072601,-2.317999944090843,-0.8751875162124634,5.464412525296211
1542946530.0,-356.6457529067993,-0.3033750196918845,3.3975625559687614,1519205.8125,-178943.5625,127243.1875,2.1922500506043434,-2.266312599182129,-0.6733750142157078,5.284831240773201
1542946590.0,-355.59837532043457,-2.4945312505587935,2.8425312638282776,1519203.9375,-178949.1875,127245.0625,2.4941249191761017,-2.3179375678300858,-0.5105625037103891,5.366606265306473
1542946650.0,-355.9016580581665,-4.544374942779541,2.3606562092900276,1519202.0625,-178954.34375,127246.9375,2.430937573313713,-2.3555625677108765,-0.45618749037384987,5.890528187155724
1542946710.0,-354.70412731170654,-2.14178117364645,2.8363436609506607,1519200.1875,-178959.4375,127248.8125,1.7370000258088112,-2.654062509536743,-0.5591250136494637,6.387703225016594
1542946770.0,-352.77519512176514,-1.2663436755537987,3.295812465250492,1519198.3125,-178965.0625,127250.6875,1.5889374688267708,-2.5088750422000885,-0.5015625115483999,6.29412505030632
1542946830.0,-354.52888202667236,-1.6826873123645782,3.214062601327896,1519196.4375,-178970.40625,127252.5625,1.3296875283122063,-2.6397500038146973,-0.544999998062849,5.748659312725067
1542946890.0,-354.3687267303467,5.717343866825104,4.412218846380711,1519194.5625,-178975.3125,127254.21875,1.608499988913536,-2.9667500406503677,-0.7803125195205212,5.865273982286453
1542946950.0,-354.37231254577637,3.1893749833106995,3.86221881210804,1519192.6875,-178980.9375,127255.3125,1.5433125421404839,-2.7646873891353607,-0.4232499897480011,5.981888651847839
1542947010.0,-351.099027633667,4.135031312704086,3.4229063019156456,1519190.8125,-178986.46875,127257.1875,1.0216874964535236,-2.6993748992681503,-0.23718750290572643,6.0985033214092255
1542947070.0,-349.97084045410156,11.754749715328217,4.436906054615974,1519188.9375,-178991.1875,127259.0625,1.9809999838471413,-2.0800000578165054,-0.13781250128522515,5.737721845507622
1542947130.0,-349.7561492919922,4.277249872684479,4.43409375846386,1519187.0625,-178996.8125,127260.9375,1.9464999958872795,-2.323937490582466,-0.1444374993443489,6.107378080487251
1542947190.0,-348.2690906524658,7.9176247119903564,4.855406403541565,1519185.1875,-179002.4375,127262.8125,1.6785624623298645,-2.423125058412552,-0.4033125042915344,6.264246940612793
1542947250.0,-347.7860984802246,5.760062262415886,5.42296876013279,1519183.3125,-179007.21875,127264.6875,2.027687504887581,-2.3874999582767487,0.2011250015348196,6.283249944448471
1542947310.0,-349.836727142334,7.468031570315361,4.882499992847443,1519181.4375,-179012.6875,127266.5625,1.912624977529049,-2.3861875385046005,-0.02706249989569187,5.910327970981598
1542947370.0,-349.618691444397,5.7782812267541885,4.811093866825104,1519179.5625,-179018.3125,127268.4375,1.7956874892115593,-2.3557499647140503,-0.2462500026449561,6.445100024342537
1542947430.0,-347.28272342681885,3.8319373726844788,4.9475001990795135,1519177.6875,-179023.28125,127269.65625,2.1815624237060547,-2.3902499079704285,-0.08037499873898923,6.727587640285492
1542947490.0,-348.22059535980225,8.592718943953514,4.727437719702721,1519175.8125,-179028.5625,127271.1875,0.7457500211894512,-2.425562560558319,-0.7750624977052212,6.617437526583672
1542947550.0,-350.7499723434448,8.559375077486038,4.75496880710125,1519173.9375,-179033.65625,127273.0625,0.20256249979138374,-2.4241249412298203,-1.1223749816417694,6.221100017428398
1542947610.0,-350.58310317993164,7.64390629529953,4.961218610405922,1519172.0625,-179038.8125,127274.9375,0.5040625035762787,-2.461687460541725,-0.906625010073185,6.307772025465965
1542947670.0,-349.0362215042114,9.007343903183937,4.6957811415195465,1519170.1875,-179044.4375,127276.8125,1.0193749517202377,-2.4341875314712524,-1.0991250053048134,6.415100172162056
1542947730.0,-348.7052173614502,7.1194687485694885,4.203812509775162,1519168.3125,-179049.71875,127278.6875,1.3180624470114708,-2.474125102162361,-0.918187502771616,6.565078213810921
1542947790.0,-348.3797302246094,8.532656326889992,4.073593720793724,1519166.4375,-179054.6875,127280.5625,1.079250007867813,-2.7026250064373016,-0.6466249842196703,7.3315781354904175
1542947850.0,-347.9225378036499,10.421624936163425,4.197999939322472,1519164.5625,-179060.3125,127282.4375,0.9297499880194664,-2.6596249788999557,-0.9864375256001949,6.436015546321869
1542947910.0,-347.98050689697266,4.273343838751316,4.7134687304496765,1519162.6875,-179065.78125,127284.15625,1.3313750326633453,-2.3212500661611557,-0.4814999960362911,6.53529691696167
1542947970.0,-346.04662132263184,7.409937579184771,5.470687627792358,1519160.8125,-179070.5625,127285.1875,1.9180000573396683,-2.236437514424324,0.48481249064207077,6.8392717987298965
1542948030.0,-350.74356746673584,1.653843779116869,5.439375177025795,1519158.9375,-179076.1875,127287.0625,0.6664375141263008,-2.5829999297857285,0.3147499989718199,8.07474958896637
1542948090.0,-351.6904230117798,3.569156151264906,4.880624994635582,1519157.0625,-179081.8125,127288.9375,0.16218749899417162,-2.5055625438690186,-0.3616250120103359,8.34624993801117
1542948150.0,-353.19555377960205,12.200687393546104,4.625468596816063,1519155.1875,-179086.53125,127290.8125,-0.34193748980760574,-2.3833125233650208,-1.0050000064074993,7.205812707543373
1542948210.0,-353.250319480896,10.513739501436552,4.546968614061673,1519153.3125,-179092.0625,127292.6875,-1.0769999660551548,-1.7769375368952751,-1.455187514424324,7.095550920814276
1542948270.0,-353.30508518218994,8.826791609326998,4.468468631307284,1519151.4375,-179097.6875,127294.5625,-0.6225625071674585,-1.2782499715685844,-1.737937480211258,6.985289134085178
1542948330.0,-353.3598508834839,7.139843717217445,4.389968648552895,1519149.5625,-179102.59375,127296.4375,2.0262500271201134,-1.6245000436902046,-0.032187504693865776,6.875027347356081
1542948390.0,-350.72107219696045,12.697531178593636,3.6275936737656593,1519147.6875,-179107.9375,127297.65625,2.616062432527542,0.5924375196918845,-0.49206249974668026,6.764765560626984
1542948450.0,-349.20759201049805,16.47871884703636,3.449218697845936,1519145.8125,-179113.5625,127299.1875,3.311250001192093,-0.309000002220273,0.4983125161379576,6.337037637829781
1542948510.0,-349.45531463623047,10.481750056147575,4.046968802809715,1519143.9375,-179118.65625,127301.0625,2.2154375463724136,-1.3056249879300594,0.6764999832957983,7.119803115725517
1542948570.0,-349.7154817581177,8.867374941706657,5.321499988436699,1519142.0625,-179123.8125,127302.9375,2.1749375462532043,-0.7444374933838844,1.2266250103712082,8.275599837303162
1542948630.0,-351.067889213562,9.575499907135963,5.588093668222427,1519140.1875,-179129.4375,127304.8125,-0.28118750639259815,-1.63981244713068,-0.6194374971091747,8.626546651124954
1542948690.0,-352.7380065917969,6.836999878287315,4.5913438349962234,1519138.3125,-179134.71875,127306.6875,0.24456250853836536,-1.8981250151991844,-0.6712499894201756,8.04054979979992
1542948750.0,-352.18037033081055,9.297656238079071,4.423531383275986,1519136.4375,-179139.6875,127308.5625,0.3180624917149544,-1.9295000359416008,-0.6131874844431877,7.892078086733818
1542948810.0,-355.39115810394287,6.543531090021133,4.418687552213669,1519134.5625,-179145.3125,127310.4375,0.20631249900907278,-2.0525000393390656,-0.628062516450882,7.623643681406975
1542948870.0,-355.9934892654419,3.093062460422516,3.7171249389648438,1519132.6875,-179150.78125,127312.15625,0.3106875028461218,-2.357625052332878,-0.7565000094473362,7.618378207087517
1542948930.0,-354.7796230316162,9.112374879419804,4.127656206488609,1519130.90625,-179155.5625,127313.1875,0.19406249932944775,-2.2221249788999557,-0.7884374968707561,8.074415788054466
1542948990.0,-355.5094623565674,2.584031231701374,4.032750114798546,1519129.9375,-179161.15625,127315.0625,-0.4696874860674143,-2.1801875084638596,-0.7554374858736992,7.930728331208229
1542949050.0,-357.50353813171387,9.334969155490398,4.475249782204628,1519128.0625,-179165.84375,127316.9375,-0.3713124915957451,-2.1518749743700027,-0.6294374912977219,7.733572110533714
1542949110.0,-357.25734996795654,5.258031472563744,4.803562447428703,1519126.1875,-179171.4375,127318.8125,-0.927249975502491,-1.8421875089406967,-0.5922499820590019,8.65871587395668
1542949170.0,-359.41198921203613,7.773718401789665,3.836156263947487,1519124.3125,-179177.0625,127320.6875,-0.0007499996572732925,-2.284749984741211,-0.5954374745488167,7.660840645432472
